user_id,youtube_username,picture_url,scenes_id,scenes_name,video_schedule_id,video_published_id,video_title,twitter_response_id,facebook_response,fb_like,tw_like,yt_like,total_likes,fb_view,yt_view,total_view,fb_numeric_id,twitter_numeric_id
,,,1,"first scenes",1,Anuj1x7QLvY,,,,,,,0,,,0,1517171801687834,171396247
9,"dev ahmed",https://lh3.googleusercontent.com/-XdUIqdMkCWA/AAAAAAAAAAI/AAAAAAAAAAA/4252rscbv5M/photo.jpg,1,"first scenes",83,YVgthrSd8EE,test,,,,,,0,,,0,155938808319064,865171357801172992
10,"Chase Manar-Spears",https://lh3.googleusercontent.com/-pSBJFBvPHfY/AAAAAAAAAAI/AAAAAAAAA7w/ItCDKN_Sxis/photo.jpg,1,"first scenes",8,y37npilGY1A,test_title,,,,,,0,,,0,1291767840872469,130880811
9,"dev ahmed",https://lh3.googleusercontent.com/-XdUIqdMkCWA/AAAAAAAAAAI/AAAAAAAAAAA/4252rscbv5M/photo.jpg,1,"first scenes",85,aONqBooBybE,test,,,,,,0,,,0,155938808319064,865171357801172992
13,"Abdul Muttalib",https://lh3.googleusercontent.com/-XdUIqdMkCWA/AAAAAAAAAAI/AAAAAAAAAAA/4252rscbv5M/photo.jpg,1,"first scenes",15,KyVL-7Od5bo,Demo,,,,,,0,,,0,1356181851127013,
9,"dev ahmed",https://lh3.googleusercontent.com/-XdUIqdMkCWA/AAAAAAAAAAI/AAAAAAAAAAA/4252rscbv5M/photo.jpg,1,"first scenes",87,vMhdnkPzwKU,test2,,,,,,0,,,0,155938808319064,865171357801172992
18,"AHIC Karhal",https://lh3.googleusercontent.com/-XdUIqdMkCWA/AAAAAAAAAAI/AAAAAAAAAAA/4252rscbv5M/photo.jpg,1,"first scenes",22,43iI7RHIw14,"hello testing",,,,,,0,,,0,,
29,"Schosys India",https://lh6.googleusercontent.com/-W3Y6GK0F1D0/AAAAAAAAAAI/AAAAAAAAADY/he8km4kcZEY/photo.jpg,1,"first scenes",91,RbGt6_w1HeE,"Facebook New Test",,,,,0,0,,2,2,,848628872119820291
9,"dev ahmed",https://lh3.googleusercontent.com/-XdUIqdMkCWA/AAAAAAAAAAI/AAAAAAAAAAA/4252rscbv5M/photo.jpg,1,"first scenes",42,8S9hvBbX4KQ,test2,,125281568051455,,,,0,,,0,155938808319064,865171357801172992
9,"dev ahmed",https://lh3.googleusercontent.com/-XdUIqdMkCWA/AAAAAAAAAAI/AAAAAAAAAAA/4252rscbv5M/photo.jpg,1,"first scenes",95,RG_k8t5ODqE,Test,,,,,0,0,,0,0,155938808319064,865171357801172992
9,"dev ahmed",https://lh3.googleusercontent.com/-XdUIqdMkCWA/AAAAAAAAAAI/AAAAAAAAAAA/4252rscbv5M/photo.jpg,1,"first scenes",49,E4By_Kf2CKc,test,,,,,,0,,,0,155938808319064,865171357801172992
9,"dev ahmed",https://lh3.googleusercontent.com/-XdUIqdMkCWA/AAAAAAAAAAI/AAAAAAAAAAA/4252rscbv5M/photo.jpg,1,"first scenes",100,udQnhDm1qzY,test,,164361600810118,,,0,0,,0,0,155938808319064,865171357801172992
9,"dev ahmed",https://lh3.googleusercontent.com/-XdUIqdMkCWA/AAAAAAAAAAI/AAAAAAAAAAA/4252rscbv5M/photo.jpg,1,"first scenes",53,kUdER9FaC2Q,Tesr,902464323548733495,125805414665737,,,,0,,,0,155938808319064,865171357801172992
9,"dev ahmed",https://lh3.googleusercontent.com/-XdUIqdMkCWA/AAAAAAAAAAI/AAAAAAAAAAA/4252rscbv5M/photo.jpg,1,"first scenes",102,_t3pnrgQ34Q,trst,,,,,,0,,,0,155938808319064,865171357801172992
9,"dev ahmed",https://lh3.googleusercontent.com/-XdUIqdMkCWA/AAAAAAAAAAI/AAAAAAAAAAA/4252rscbv5M/photo.jpg,1,"first scenes",74,9RiQL9uOUco,hi,902524386141507584,153031865276425,,,,0,,,0,155938808319064,865171357801172992
9,"dev ahmed",https://lh3.googleusercontent.com/-XdUIqdMkCWA/AAAAAAAAAAI/AAAAAAAAAAA/4252rscbv5M/photo.jpg,1,"first scenes",82,OmmG-Im3LzY,test,,,,,,0,,,0,155938808319064,865171357801172992
,,,1,"first scenes",7,Qi6CZRFSQ0w,"Test Title",,,,,,0,,,0,,4339234994
9,"dev ahmed",https://lh3.googleusercontent.com/-XdUIqdMkCWA/AAAAAAAAAAI/AAAAAAAAAAA/4252rscbv5M/photo.jpg,1,"first scenes",84,ACUwI_asoIo,test,,,,,,0,,,0,155938808319064,865171357801172992
9,"dev ahmed",https://lh3.googleusercontent.com/-XdUIqdMkCWA/AAAAAAAAAAI/AAAAAAAAAAA/4252rscbv5M/photo.jpg,1,"first scenes",9,QBbQ9MbbG-8,test,,,,,,0,,,0,155938808319064,865171357801172992
9,"dev ahmed",https://lh3.googleusercontent.com/-XdUIqdMkCWA/AAAAAAAAAAI/AAAAAAAAAAA/4252rscbv5M/photo.jpg,1,"first scenes",86,ZA8IdRSNKIY,test,,,,,,0,,,0,155938808319064,865171357801172992
18,"AHIC Karhal",https://lh3.googleusercontent.com/-XdUIqdMkCWA/AAAAAAAAAAI/AAAAAAAAAAA/4252rscbv5M/photo.jpg,1,"first scenes",21,JPn_Uz5qZlg,"top Institute in delhi",,,,,,0,,,0,,
9,"dev ahmed",https://lh3.googleusercontent.com/-XdUIqdMkCWA/AAAAAAAAAAI/AAAAAAAAAAA/4252rscbv5M/photo.jpg,1,"first scenes",89,MTpr9GsfU6A,test,,,,,0,0,,0,0,155938808319064,865171357801172992
9,"dev ahmed",https://lh3.googleusercontent.com/-XdUIqdMkCWA/AAAAAAAAAAI/AAAAAAAAAAA/4252rscbv5M/photo.jpg,1,"first scenes",27,pwCPFw-Ff8M,Test,,,,,,0,,,0,155938808319064,865171357801172992
9,"dev ahmed",https://lh3.googleusercontent.com/-XdUIqdMkCWA/AAAAAAAAAAI/AAAAAAAAAAA/4252rscbv5M/photo.jpg,1,"first scenes",92,Tbp_PjQ-zeI,test,,,,,0,0,,0,0,155938808319064,865171357801172992
9,"dev ahmed",https://lh3.googleusercontent.com/-XdUIqdMkCWA/AAAAAAAAAAI/AAAAAAAAAAA/4252rscbv5M/photo.jpg,1,"first scenes",47,uvPlW72DXXs,test2,,125778958001716,,,,0,,,0,155938808319064,865171357801172992
29,"Schosys India",https://lh6.googleusercontent.com/-W3Y6GK0F1D0/AAAAAAAAAAI/AAAAAAAAADY/he8km4kcZEY/photo.jpg,1,"first scenes",98,flALHBj-fgs,"Munazza Video",,,,,0,0,,0,0,,848628872119820291
9,"dev ahmed",https://lh3.googleusercontent.com/-XdUIqdMkCWA/AAAAAAAAAAI/AAAAAAAAAAA/4252rscbv5M/photo.jpg,1,"first scenes",51,G1YlIkZ-O5Q,Tes,902464323548833467,125803347999277,,,,0,,,0,155938808319064,865171357801172992
9,"dev ahmed",https://lh3.googleusercontent.com/-XdUIqdMkCWA/AAAAAAAAAAI/AAAAAAAAAAA/4252rscbv5M/photo.jpg,1,"first scenes",101,91naLMI_ZOE,test2,,164361910810087,,,0,0,,0,0,155938808319064,865171357801172992
27,"Dave Room",https://lh3.googleusercontent.com/-XdUIqdMkCWA/AAAAAAAAAAI/AAAAAAAAAAA/4252rscbv5M/photo.jpg,1,"first scenes",62,qI56JnANSCs,"Schosys Rocks",902464323548789441,300548280414132,,,0,0,,2,2,249787742156853,897968388344922112
9,"dev ahmed",https://lh3.googleusercontent.com/-XdUIqdMkCWA/AAAAAAAAAAI/AAAAAAAAAAA/4252rscbv5M/photo.jpg,1,"first scenes",105,D-4WxzodBBY,"test 34",,164386654140946,,,0,0,,0,0,155938808319064,865171357801172992
